Month,Albd,AirTemp,LSTday,LSTNight,PCP,WS,RH,SW,LW,SH,LH,SCA% 
1/1/2003,0.499428241,-5.692200943,4.637893635,-5.151224916,40.23990318,0.974771533,42.0990191,74.03472312,-62.35083769,-7.815999439,-7.414243101,61.91956383
2/1/2003,0.691866198,-5.810176573,3.058990787,-6.512508361,202.5715173,0.903936553,59.0128742,54.05797956,-45.00538509,-3.691282994,-6.028129002,85.54298925
3/1/2003,0.597724451,-1.9819419,10.55121441,-0.986137124,141.9434742,0.967574187,55.89366884,92.88919899,-58.6110474,-11.45398326,-18.16768533,71.71882856
4/1/2003,0.45525592,5.066802614,21.62520938,6.625540691,140.6182072,0.82075761,50.01838023,153.4622883,-75.26631457,-20.22775168,-40.90077639,52.44686958
5/1/2003,0.353235322,7.615933331,25.13538526,7.783996656,99.5319876,0.819099242,50.08906667,200.778539,-92.66869146,-36.80284469,-52.9902726,37.42770408
6/1/2003,0.241002849,14.76539369,31.71854271,14.46179766,46.8132136,0.636961235,44.2460541,246.9407543,-106.6735419,-47.23761127,-64.81889436,21.3838938
7/1/2003,0.173547821,17.62090342,29.73198074,15.21682274,115.9469398,0.554163202,53.98167236,230.5629451,-91.93887437,-47.87772372,-75.42632247,4.165020121
8/1/2003,0.158621185,16.35741191,28.20432998,13.77945234,101.0981049,0.476453023,54.53172982,217.8322101,-95.71662864,-48.11571384,-69.07048012,0.642886112
9/1/2003,0.16719915,13.0136134,25.07363484,10.69764214,77.78354447,0.355390508,51.32976968,193.5351643,-97.10459548,-40.71219643,-56.86209399,3.466810598
10/1/2003,0.197111123,6.598376589,20.43237856,5.924202899,22.01457871,0.499474423,36.55983518,170.1276387,-105.6690764,-30.77096409,-37.0102028,9.93058816
11/1/2003,0.4505101,-2.089545674,12.39159548,-0.056613712,62.15395578,0.900012308,35.72557454,89.51932747,-73.07299079,-11.1963266,-13.22269725,49.90956068
12/1/2003,0.524309552,-5.650410323,3.359451424,-5.011764214,59.46561698,1.032990727,55.5444263,64.65880687,-56.74955092,-6.290231355,-7.245080234,62.49281235
1/1/2004,0.659836412,-6.724448336,0.429120603,-7.252382943,101.9439395,0.958276832,60.50962144,46.30113317,-42.07669816,-3.762148712,-4.810207414,79.85379172
2/1/2004,0.685990688,-5.716417461,7.03269263,-2.854673913,75.75587069,1.224600248,41.55572261,63.60992529,-55.09590218,-1.906824529,-7.855317305,85.40936358
3/1/2004,0.472758839,2.424313732,19.29241206,4.160117057,45.93262783,0.957556857,42.95482881,134.8008432,-79.40500184,-17.20440236,-25.78431739,56.95785939
4/1/2004,0.369046921,6.621424129,24.22663735,6.522019231,124.7875173,0.69276052,54.6166191,166.3337414,-79.36627688,-30.26814756,-42.72596474,37.99830751
5/1/2004,0.294059134,10.52086978,29.97926857,11.56018952,51.36566539,0.710109809,43.32627538,226.3658752,-102.5777901,-41.73304872,-63.95317372,26.59557757
6/1/2004,0.205891064,14.67617211,30.52286851,13.42251672,59.4255761,0.538596425,47.45213451,253.5314568,-110.4875977,-56.34039417,-68.14807635,12.36121905
7/1/2004,0.166181541,16.45618896,29.934933,13.96671823,105.0281906,0.551556803,52.49457538,243.5297856,-104.6391879,-57.34760229,-71.72194088,1.887254205
8/1/2004,0.158592108,16.04251013,28.88079146,13.60279822,93.98429105,0.493578731,50.33447471,224.4770497,-100.9398762,-50.50856466,-68.95097891,0.605339708
9/1/2004,0.153721781,13.3998179,26.86592127,11.35916388,53.32265139,0.336044977,43.99261759,202.8557055,-104.9954077,-42.9291266,-55.40146265,1.446635063
10/1/2004,0.280706148,4.135373719,17.5921608,3.565602007,76.35821049,0.604027826,47.10498693,139.9195662,-88.25745779,-27.31162359,-31.11323643,22.72209311
11/1/2004,0.282833998,0.967951971,13.23065885,0.913361204,32.13032958,0.76596092,45.95254322,115.4181906,-82.93458275,-18.22383712,-17.41775039,24.32265379
12/1/2004,0.517285135,-3.691205321,4.163450586,-3.789590301,98.94937923,0.917697269,53.1292603,63.22819079,-54.29466198,-6.027062057,-7.850571375,59.3385175
1/1/2005,0.765744121,-9.784366583,-2.603400335,-9.815710702,78.9949258,1.154193611,56.3166603,34.77384137,-41.5114943,1.198260636,-1.93265792,96.02660201
2/1/2005,0.802793377,-7.168609115,-0.196390285,-9.764260033,212.789092,0.835876648,71.29554891,33.70786399,-32.66011441,-0.515992204,-1.865273331,98.80502124
3/1/2005,0.65100176,-0.424718241,11.41951005,0.485380435,126.5855184,0.8219861,58.91627621,78.28006013,-51.41721022,-5.298171461,-11.24859218,86.67381811
4/1/2005,0.487681017,2.811693472,18.80902289,3.284498328,129.6442821,0.814242285,52.28442295,142.9753258,-73.29615343,-17.78672547,-34.99778317,60.11264554
5/1/2005,0.3584224,7.182610242,21.9518928,6.54791806,120.2997283,0.61160613,62.54938643,185.9760315,-78.24979548,-28.79541201,-56.35376129,40.56486923
6/1/2005,0.253465792,13.80879718,30.35202261,13.69916388,66.70036129,0.566984462,53.39551591,235.4348606,-92.97973936,-35.40603093,-77.45020352,23.48079232
7/1/2005,0.181836477,16.74228871,29.53098827,15.32610786,123.0718851,0.530295119,55.42322596,227.1523191,-89.33801725,-44.54882373,-77.01842955,6.19566825
8/1/2005,0.158719203,16.16211412,29.38376884,14.60638796,79.16123612,0.477288905,51.36657772,226.7321285,-99.37280184,-48.37699656,-73.41796891,0.688455486
9/1/2005,0.15189177,14.10030236,26.32832077,11.63168896,61.11703859,0.32734538,48.93275126,198.7591581,-99.87925511,-41.17428313,-56.99611243,1.16074431
10/1/2005,0.210256226,6.632708211,20.47970408,5.808377926,34.96629007,0.54017706,37.13183869,163.9225677,-102.5723412,-31.40243889,-34.97594527,11.74105957
11/1/2005,0.324651159,-1.298714912,11.37280988,-0.611994147,37.81440945,0.804733732,46.09023015,109.5750737,-82.45129397,-18.7376043,-15.36589803,30.88755914
12/1/2005,0.378730331,-5.115242936,7.288592965,-3.925982441,14.55183109,1.020331065,33.46296767,89.69015829,-78.9259737,-10.95383424,-6.764304801,42.03603226
1/1/2006,0.739432635,-8.268065152,-1.001536851,-9.133620401,151.9976794,1.011773884,57.06570101,36.32559715,-38.90730168,0.243638726,-2.7669141,92.97292495
2/1/2006,0.58194358,-1.289226628,8.407822446,-1.620238294,107.8459513,1.006403099,54.04216064,74.0357938,-52.58125343,-6.558407007,-12.64261276,71.38655941
3/1/2006,0.534889211,-0.753872756,13.88731156,1.040660535,109.1085402,0.779124203,56.23037605,103.7931889,-61.0681191,-14.64946755,-22.76294853,62.21934343
4/1/2006,0.442108884,4.013280137,20.9178392,4.880089186,87.64157169,0.851227573,46.21925394,161.4139759,-82.06767236,-22.7345495,-43.51555268,49.73608594
5/1/2006,0.272505062,12.80017268,30.89196399,12.49063545,43.04748188,0.670870603,46.03068124,231.1635184,-98.89688543,-37.44819853,-62.09801035,29.14867959
6/1/2006,0.191022956,14.51211083,30.31960637,12.99827759,74.25150491,0.45278161,51.85639648,251.8115799,-108.1340407,-55.93584329,-71.48807783,7.762052281
7/1/2006,0.165057975,17.79980181,29.97430486,15.01299331,133.7899922,0.578004803,57.39099648,229.1640796,-94.90198626,-51.44583372,-72.4489163,1.250767595
8/1/2006,0.157692432,16.25144052,26.0829397,12.82898411,161.8889474,0.410896505,62.92559648,196.867507,-82.91303065,-42.16290995,-68.06265566,0.447409174
9/1/2006,0.155508174,12.8169488,26.46794807,11.51743311,66.04314111,0.331000459,45.5195397,200.9642439,-102.2128722,-39.97525525,-59.83536013,1.76408133
10/1/2006,0.16790749,8.410620889,20.91242323,6.819152731,32.36198366,0.472560036,46.97985511,167.3344481,-100.1729315,-32.84095622,-59.83536013,5.266797148
11/1/2006,0.376529398,-0.160370411,10.56752094,-0.450229933,80.89324657,0.69418948,53.47587102,94.5789191,-69.24218258,-15.01820263,-18.09332711,37.97069351
12/1/2006,0.716940798,-7.170897989,0.499258794,-6.521868729,116.0723913,1.17177554,49.53843149,36.73524858,-40.74925159,1.404156983,-3.49175799,90.47882252
1/1/2007,0.658879566,-9.093922973,1.678123953,-6.839297659,23.3225668,1.301267791,42.90516181,54.68404255,-55.5212876,-0.462528947,-4.305456335,86.1658971
2/1/2007,0.719646947,-4.930532937,3.566373534,-5.495029264,164.0312008,0.865917593,64.33321039,46.74325159,-40.96221307,-2.197846053,-5.123854301,90.53109498
3/1/2007,0.686276052,-2.459222849,10.2441541,-0.661989967,184.6955715,0.928506155,55.11001206,73.66020017,-50.83456147,-4.123946141,-10.50463193,88.13496547
4/1/2007,0.406208013,6.945436112,26.20025126,8.947212932,34.35445652,0.905836649,39.79647303,178.8606482,-85.54251859,-17.00874253,-44.98491683,54.36852345
5/1/2007,0.245808817,11.40225529,28.24666667,10.04231187,74.07872762,0.560406521,53.89768593,226.8857603,-95.85476884,-41.75546404,-67.60502732,21.33995908
6/1/2007,0.177318896,15.75538239,30.45296482,14.3572408,118.6131686,0.379571964,55.14942395,239.5563077,-95.51748057,-45.01944583,-84.02459889,4.928082464
7/1/2007,0.161696966,17.06765849,29.51365997,14.96746237,94.49452268,0.542524955,51.41717739,241.1606332,-98.20130704,-48.21276257,-86.33392437,0.613099726
8/1/2007,0.157677143,16.96904551,28.23485343,14.22553094,90.85370678,0.484954186,53.70280787,220.6158826,-97.18350653,-47.99674201,-70.6752111,0.437128157
9/1/2007,0.157697778,13.24705009,24.54693886,10.02189799,57.23101148,0.412549917,48.81547772,199.8081575,-102.8626265,-44.50495878,-54.46791114,2.065884566
10/1/2007,0.178679445,6.437441389,21.44855946,5.859765886,17.274812,0.572094027,38.48451893,173.8700767,-109.6176899,-35.15941885,-33.80861052,6.958811484
11/1/2007,0.170664457,3.750692905,16.49798995,2.232483278,11.22045621,0.602603328,34.69556499,137.5499335,-100.6860796,-23.55350974,-16.56105483,6.544896506
12/1/2007,0.576165353,-6.975685747,3.656197655,-5.327876254,54.27427822,1.059164392,46.69151977,56.81983618,-55.69536482,-5.026379312,-6.310894982,70.69641435
1/1/2008,0.741271848,-10.5302828,-3.269489112,-11.9402592,153.2810987,1.022543462,58.16500436,36.56151139,-40.99239698,0.043967603,-2.496658871,93.97284256
2/1/2008,0.751231588,-8.04490913,2.485393635,-7.132813545,82.0639459,1.225754003,47.8542,50.15899347,-48.85571625,1.070499531,-3.341069761,96.15745873
3/1/2008,0.519177071,0.535504421,16.99296901,2.04763796,38.62536863,0.954551951,50.44008526,123.0861229,-74.02720854,-12.74781918,-23.85026303,66.76482086
4/1/2008,0.422692874,4.706183484,21.19396147,5.447696488,137.1860918,0.651020312,56.25490737,156.5776209,-74.63852747,-22.42465108,-44.02422991,48.19179755
5/1/2008,0.26570101,10.77477747,28.38188163,10.63910256,62.79502281,0.659778494,46.90337538,225.3010621,-96.63346198,-38.21679455,-66.89354345,25.08855973
6/1/2008,0.174032251,16.81146143,30.47823702,14.78447324,88.92292502,0.606806915,45.90328593,252.0289317,-104.6337471,-51.01269092,-78.39855354,4.80401069
7/1/2008,0.16048539,17.79764389,29.53913317,14.80566054,105.2183856,0.612120769,52.07091424,236.4862774,-99.67549313,-52.71088132,-75.12533602,0.374862892
8/1/2008,0.157820128,16.48085039,27.2859799,13.03599498,110.3795315,0.488329541,54.78918559,214.8374858,-95.89196181,-47.77936859,-67.85260405,0.441721458
9/1/2008,0.163879081,12.20112894,26.03194724,11.03527592,60.22022526,0.398407681,48.41427588,199.4127521,-103.0554544,-41.75172273,-55.88581829,3.154477657
10/1/2008,0.183200714,7.868167475,20.25121859,5.957265886,33.61881818,0.571790394,43.68580084,164.5290399,-101.4997293,-32.35713037,-35.3129576,7.724046805
11/1/2008,0.328373884,0.820400597,12.31208822,0.469882943,28.45896034,0.89353996,40.46131407,109.3051896,-82.26556851,-15.89887795,-16.77063125,31.1951384
12/1/2008,0.508836203,-4.177694642,7.059438861,-2.81993311,94.20399363,1.037521123,45.08440519,66.60716382,-60.26115276,-4.949551069,-8.347954791,58.88616193
1/1/2009,0.72881661,-6.616910595,0.52688861,-7.746981605,127.5429762,1.083282367,56.74482261,37.5061402,-38.14433752,0.156135186,-3.72181035,90.33548376
2/1/2009,0.735837287,-5.624143187,3.185569514,-5.645752508,153.9435685,1.027365098,56.04678476,48.64698995,-44.15194657,-1.605556964,-5.777020841,90.78710043
3/1/2009,0.594580141,-0.777908937,12.20574121,0.102391304,104.4469293,0.918703934,50.86484255,94.28391256,-59.74109799,-8.902175138,-18.2657088,74.82441516
4/1/2009,0.489752638,3.577707866,18.11714126,3.720440357,136.1162677,0.865992741,56.68625008,139.317734,-66.81450034,-18.4336596,-38.27267827,58.17032334
5/1/2009,0.338234029,9.423618995,26.54705611,9.392211538,67.05448894,0.919314158,47.71290704,209.310774,-91.40914506,-30.80955331,-62.15837539,37.0906586
6/1/2009,0.2459274,12.36289281,28.83137353,11.28111622,86.49596089,0.609790102,57.32957906,230.9594935,-95.31036198,-42.14685988,-72.04130737,20.46707354
7/1/2009,0.18780101,16.58737149,30.71622278,15.40984114,87.1051371,0.460636599,52.22101843,240.9737251,-100.5779616,-50.05982441,-74.34524737,7.179481759
8/1/2009,0.158769285,17.32607623,29.14262982,14.50419732,77.08268366,0.562668185,45.68655276,230.7980874,-105.4815022,-51.43093451,-67.20500234,0.729924097
9/1/2009,0.159232379,13.22027737,27.21952261,11.87847826,52.32185213,0.412650395,44.16173317,206.0663822,-107.9853692,-41.68432491,-56.24506159,2.309030872
10/1/2009,0.169396885,6.418539027,19.41380793,4.227904125,29.18918646,0.483389136,47.34625059,169.1548583,-104.3709935,-37.53028481,-32.24095188,5.545621824
11/1/2009,0.391626219,-0.999983587,11.35626466,-0.300543478,66.80491152,0.847178047,45.45983216,96.10081675,-73.1737201,-13.62868798,-15.10389475,40.49268886
12/1/2009,0.571969929,-6.165456265,3.74330402,-5.019841137,48.39648673,1.098332371,47.52187956,56.540334,-52.86260452,-3.911984075,-6.798258216,69.29718179
1/1/2010,0.501068823,-4.840750871,5.954250419,-4.591070234,51.64396935,1.02939043,43.77265059,74.63733099,-62.67677856,-6.264522925,-7.723638525,62.47766691
2/1/2010,0.704733055,-5.127101385,2.587659129,-6.360183946,197.0477052,0.894472011,66.93346583,51.18076013,-40.99995008,-3.201442343,-6.322394679,87.3512104
3/1/2010,0.513186128,1.9354401,16.63285176,3.529414716,66.85705142,1.04171291,42.63549179,121.5810042,-71.38417672,-12.92528527,-26.42563772,63.25234944
4/1/2010,0.370754798,6.784532603,21.98294249,6.443701226,109.6012943,0.759257309,58.5322876,169.6056667,-78.9108134,-28.78399704,-45.50804502,39.31113428
5/1/2010,0.28721927,10.43014297,25.62342965,9.783754181,127.7329616,0.746821737,54.30850888,207.5480032,-88.02594204,-34.3625012,-68.8981394,25.32868719
6/1/2010,0.229197754,12.87464055,28.28278476,12.20984532,92.34003134,0.527128686,57.65643166,233.9265238,-96.08491508,-44.42391002,-76.62843922,15.69715886
7/1/2010,0.182944776,16.16163315,27.94986181,13.99323997,217.8536656,0.410868281,58.61962881,218.3411179,-88.47130369,-42.77667425,-74.79090903,5.88847873
8/1/2010,0.161915709,16.14145162,24.01276801,12.6397199,161.2726821,0.292828386,63.33311189,186.3161462,-73.89596868,-31.84497917,-74.79496271,1.417162487
9/1/2010,0.171715218,12.16605806,23.54567839,9.810710702,82.40106003,0.347435198,52.01642714,191.5240901,-95.03019916,-37.37562954,-60.23003015,4.328981049
10/1/2010,0.181867616,7.610401649,20.96572306,7.09057971,21.71716308,0.571022756,37.91358744,170.4889363,-104.5272323,-29.56751147,-40.50332342,7.474499929
11/1/2010,0.186834097,2.389995229,15.10514238,2.296772575,10.22688833,0.662492197,33.1981139,135.7046633,-100.0797462,-19.97219375,-20.92199546,9.664739155
12/1/2010,0.243221916,-2.617898234,8.53491206,-3.259205686,25.9145102,0.855113641,34.62199598,108.134601,-92.41400134,-16.47368421,-8.02020647,19.59420623
1/1/2011,0.544905466,-7.590494279,3.535372697,-6.514180602,43.23985978,1.092226104,46.62790101,69.79080603,-63.06159715,-8.491039608,-4.929899173,64.46893221
2/1/2011,0.747883618,-6.111804594,-0.450871022,-8.442976589,230.7896251,0.783133676,65.85508492,40.32633183,-36.80073568,-1.916087659,-4.192560969,91.93887707
3/1/2011,0.644565377,-1.276720973,13.74845059,0.609765886,97.60653652,1.025683285,47.09136533,89.53984539,-60.15453417,-5.905280299,-14.72916577,82.65990182
4/1/2011,0.458041953,3.513126816,21.97106086,6.356309922,107.616972,0.772884021,49.90564489,151.5187568,-75.91138693,-19.50799107,-39.82571864,53.66557945
5/1/2011,0.29293156,11.42271996,29.35828308,11.98397157,40.99388206,0.796534809,44.18650251,226.0705742,-98.81769564,-34.50160375,-65.55273209,30.14043774
6/1/2011,0.192711883,15.47600022,31.34105528,14.38397575,67.60406193,0.622981335,44.53809497,259.1399874,-112.2583529,-54.55131115,-72.19751922,9.084409578
7/1/2011,0.163250188,16.91160898,29.34305276,14.72493729,101.3011612,0.548329981,52.07947236,236.9544441,-101.1930186,-54.50756369,-71.65397727,1.043060046
8/1/2011,0.159032616,16.88765313,26.21737018,13.94609532,123.7669986,0.468832394,56.0892603,208.2801884,-90.23337822,-44.81429412,-67.79367091,0.690639886
9/1/2011,0.153317111,13.32229851,24.99076214,11.23093645,78.34963762,0.299106417,54.62945075,189.5627518,-92.88443752,-37.74995576,-59.99511989,1.409384706
10/1/2011,0.210375806,6.863702028,18.75120045,5.428851728,60.20875972,0.466486876,49.27564154,156.0156487,-91.46684724,-28.43348135,-41.23092895,11.85642313
11/1/2011,0.330124186,1.724075403,12.96237018,2.020915552,52.09715854,0.837167162,48.02038559,101.4261034,-71.33275075,-14.63145914,-20.8596577,30.69512866
12/1/2011,0.399571794,-5.254154062,6.722688442,-4.218904682,23.94655859,1.039774027,39.47813585,85.87494606,-76.31633467,-11.64021115,-8.048332645,43.48891813
1/1/2012,0.720252338,-11.01416498,-1.188655779,-9.756642977,85.31572127,1.116601839,56.52252094,41.62685444,-45.44202345,-1.182323649,-2.308193322,89.25680334
2/1/2012,0.786682183,-8.937691634,-0.792939698,-10.38726589,145.285598,0.990712637,58.88804891,39.02886097,-40.07441323,0.074180578,-2.280934728,97.89766418
3/1/2012,0.685395964,-2.848099124,10.36219012,-1.727044314,135.8995291,0.91033175,55.00112613,76.15113903,-53.37478894,-4.293177033,-10.72678711,88.8652641
4/1/2012,0.433457534,3.769868047,19.13706449,3.96909699,115.081198,0.667420247,62.23815578,149.2199678,-69.13822529,-21.42281902,-37.33846641,53.09756605
5/1/2012,0.306413579,8.511688932,24.48813512,8.931649944,78.32912218,0.692044369,56.63013417,212.9522089,-89.06895025,-33.24541818,-69.36622908,30.60540281
6/1/2012,0.214951843,13.05850401,30.50470687,12.93794314,53.8497628,0.656996377,56.28468693,245.9849405,-101.373499,-45.30604871,-78.52861264,14.31465238
7/1/2012,0.167763449,16.96990926,30.95532245,15.47487876,81.11647343,0.522571909,52.38783032,246.4903916,-103.961506,-51.66473554,-77.8355749,2.411281786
8/1/2012,0.15835171,16.71253117,27.99589196,14.12101171,120.6398597,0.451918463,59.31858191,208.0746466,-89.99191206,-45.68687429,-66.79007451,0.593642615
9/1/2012,0.161090639,12.38977136,23.12610972,10.2526087,112.8201894,0.266355181,59.49287404,177.5158044,-84.67389229,-33.88085871,-60.92549535,2.683056811
10/1/2012,0.210608394,5.366204106,17.85509631,4.457169732,39.41855069,0.465849161,48.01241776,159.2548015,-96.0434392,-29.6437029,-38.29318447,11.97352739
11/1/2012,0.279571277,-0.096872806,11.3758459,-0.705295429,34.46202603,0.753182697,42.90228878,116.2837791,-85.10929179,-18.86032527,-18.51819515,24.3760545
12/1/2012,0.638568986,-6.753705937,3.267809883,-4.925965719,78.87182747,1.17543861,45.85469196,48.66890888,-49.39170034,-1.352634159,-5.497754603,78.73287661
1/1/2013,0.689068861,-9.905174258,0.626545226,-7.434105351,52.40131541,1.288109289,42.73394891,48.8294675,-49.79386147,-0.019768196,-3.681465975,87.52223363
2/1/2013,0.76091801,-6.172773052,3.314309045,-4.907399666,192.8467729,0.953723803,59.14817337,41.21487538,-40.44391575,-0.354435617,-3.238586293,95.71134465
3/1/2013,0.652198258,-1.04940901,13.07128141,0.948511706,99.57280988,0.96532017,48.86620888,81.64110084,-55.69548007,-4.961598493,-12.96460215,83.42794138
4/1/2013,0.464407253,3.400975283,18.42340592,3.663511706,107.7605142,0.700110669,61.56252446,143.4761069,-67.99373183,-19.02710744,-35.73798545,58.06769018
5/1/2013,0.320534419,9.376941251,26.90509213,10.11064381,70.09483987,0.782067843,49.52379045,215.3327575,-91.69927052,-30.94168498,-70.02056481,32.35104855
6/1/2013,0.216962503,15.00122952,30.84144054,14.72408027,108.7608952,0.50194372,48.87923903,242.0733816,-98.5568675,-42.98378287,-78.2204256,14.40370577
7/1/2013,0.169618791,17.39412018,30.64093802,15.92038043,104.4515602,0.545380581,52.66677923,232.0592987,-94.4864665,-47.94926674,-76.62196649,2.635793114
8/1/2013,0.159592845,16.15100518,24.79326214,13.2034699,175.5503722,0.435239861,61.95861072,195.0956176,-81.92185528,-39.2914848,-69.86869974,0.789757443
9/1/2013,0.149495114,13.60831121,26.38727387,12.68643813,47.33926513,0.331341095,45.12056901,203.5788018,-103.0373161,-41.51803788,-58.4723365,0.763599565
10/1/2013,0.177194274,8.797599851,21.28477387,7.051571906,39.17438956,0.409994011,41.77287353,164.2274186,-99.66034724,-32.03601052,-37.48591862,6.554171432
11/1/2013,0.395048529,-2.018475608,12.16829564,0.547951505,38.37601099,0.953994732,39.12429447,94.9337124,-73.23078928,-11.42584084,-17.71442938,43.03070116
12/1/2013,0.459617316,-5.756126388,5.812910385,-4.637107023,49.964367,1.022603336,49.67417035,73.73004824,-63.69404707,-9.206428038,-9.197336855,53.34436726
1/1/2014,0.63334709,-8.149969088,1.63150335,-6.714954013,41.49083608,1.126588897,50.26370067,55.964666,-51.72054975,-3.505739208,-5.184066083,79.87689552
2/1/2014,0.743154966,-8.03732093,1.875205193,-7.105062709,125.7727425,1.016735909,55.12902295,48.28143317,-46.7079263,-1.097304218,-4.170956391,93.66061222
3/1/2014,0.632793162,-2.155556131,9.928479899,-1.334627926,192.3709571,0.764897692,64.5090469,80.82146616,-51.71262915,-9.779144861,-14.89989787,76.71694088
4/1/2014,0.489176958,3.117460641,18.96480737,4.166337793,102.7565625,0.835676636,55.79178392,141.520472,-69.03791843,-17.98212812,-35.94102399,59.75269674
5/1/2014,0.31996259,8.374962696,23.77048576,7.910372074,124.0632124,0.469622,63.29065293,194.4814724,-78.04475628,-29.6815667,-61.41680556,34.97701683
6/1/2014,0.216222556,14.38124054,31.02417504,14.2292893,49.86185301,0.625689025,46.84612513,254.1454633,-105.2234595,-42.45939875,-83.40522784,14.55950544
7/1/2014,0.166507385,17.15700461,29.90214824,15.23678094,111.8355481,0.55266688,52.50513032,234.0361935,-97.08711089,-49.04015717,-75.8918034,1.901385924
8/1/2014,0.161534737,15.95250042,28.64871441,13.89268395,91.40588873,0.405301767,50.55155678,224.0997342,-100.8742402,-48.36068301,-70.68437612,1.090466928
9/1/2014,0.157696571,13.35007688,26.52823283,12.06764214,99.59704838,0.37599177,46.16485729,197.9807169,-101.0883204,-39.74094652,-56.1827449,2.167643171
10/1/2014,0.224925815,6.450613683,17.98413735,5.256220736,54.84332816,0.509900179,52.14011843,150.1201724,-89.41526131,-30.77252504,-35.33418959,14.14975978
11/1/2014,0.366457349,-0.974316018,12.50590452,0.531847826,48.64338931,0.906967385,40.42154472,100.3348789,-75.70457923,-12.37555494,-18.37504869,37.1961572
12/1/2014,0.407299039,-4.712001895,7.83218593,-3.424682274,21.87250931,1.010635712,38.35395008,82.52527069,-72.6979,-9.713431976,-7.608421935,44.79474639
1/1/2015,0.56147388,-6.66537939,4.692701005,-5.409506689,62.80401055,0.996208295,50.37742663,65.3693727,-57.37579112,-6.479313673,-5.906405835,67.1131246
2/1/2015,0.644495494,-4.254424012,4.318458961,-4.382888796,170.9729831,0.914696134,59.08372027,60.71465528,-46.17414824,-5.892863205,-8.633613809,77.77963308
3/1/2015,0.645541104,-1.479603059,10.64391541,-0.016822742,153.3184611,0.822929259,59.66127404,78.86496834,-50.53809581,-7.403441733,-14.36722576,79.37156296
4/1/2015,0.438246797,4.784670363,22.44898381,6.940724638,112.7754392,0.79290827,47.19112848,158.0956608,-77.83050921,-21.52531786,-40.75422487,52.0624302
5/1/2015,0.306704077,9.696166267,25.96744556,9.713344482,83.55634992,0.743622618,51.23227404,210.5852415,-90.63742312,-33.19864529,-64.70653535,30.97164661
6/1/2015,0.224956121,13.34872272,29.68331658,13.25879599,85.23946614,0.559427815,53.87891742,237.3412812,-99.23137186,-46.31094382,-71.14717826,16.1754088
7/1/2015,0.169579131,17.2486872,28.12420436,14.72369565,161.2762729,0.504345999,63.01185829,211.4801173,-81.83430302,-43.47707287,-73.10792035,2.841283774
8/1/2015,0.157970672,16.32313372,28.09911642,13.95481605,92.54083156,0.467969584,53.33275695,214.7705732,-92.61689665,-42.52309219,-74.87612755,0.5239619
9/1/2015,0.170252571,11.87018959,25.52704774,10.5613796,78.5056301,0.360725869,49.66122362,199.1039482,-101.6616141,-41.03420352,-57.58655801,4.104126424
10/1/2015,0.245735107,6.905438124,19.8579732,6.337814939,66.56399894,0.567383695,45.36106214,151.8050327,-91.03411642,-26.6197961,-38.32190135,16.92522091
11/1/2015,0.435598093,-0.590231005,10.0194933,0.234251672,81.70314824,0.837213061,48.43307638,81.8046335,-61.01419514,-9.569473109,-17.64276045,47.03314371
12/1/2015,0.524287455,-6.061585184,6.299853434,-3.960459866,44.6221092,1.19062521,42.01667521,66.40508777,-60.11890084,-4.540251439,-8.687101258,62.60326444
1/1/2016,0.57156944,-6.255104365,4.703098827,-4.351831104,68.88058509,1.076022562,44.19158392,63.80810486,-55.758333,-4.651472033,-7.510155656,68.98237048
2/1/2016,0.579416583,-5.066466713,9.23959799,-1.60562709,44.28647911,1.129255332,35.01742663,88.31423987,-68.42910486,-7.980460841,-11.70621546,69.45108394
3/1/2016,0.52591584,0.491680272,12.32067002,-0.329811873,191.5588657,0.662322579,62.62418459,97.2874799,-54.21116131,-13.05079852,-22.39843395,62.14144714
4/1/2016,0.40515249,4.935337146,21.26919598,6.25569398,133.763767,0.712544602,57.65501943,161.3009424,-74.21747705,-23.79030265,-48.6918262,44.74666392
5/1/2016,0.288997348,11.09815203,28.93494696,12.05501672,74.47759715,0.644228019,51.55484439,217.1301276,-89.88687856,-32.9911856,-71.08449438,27.79703341
6/1/2016,0.20051609,15.56553649,30.73286851,14.80244565,85.8228604,0.408938514,54.01364657,244.714738,-96.8440943,-46.07556317,-80.11355062,11.61765533
7/1/2016,0.163454213,17.32324116,29.1365201,15.0188796,122.7136961,0.551179781,55.92403836,230.6368243,-93.28608744,-48.01426682,-80.26465255,1.128995243
8/1/2016,0.15811454,16.20376027,27.41267588,13.07542642,109.7360543,0.417527134,58.86976667,211.8561134,-93.05035662,-45.01343658,-69.82610892,0.530757162
9/1/2016,0.148812231,14.12951491,27.21353434,12.84051839,37.77344788,0.37017673,43.29832848,207.3375452,-106.5474079,-42.03085709,-58.29539897,0.639290716
10/1/2016,0.1643513,8.406871471,21.27501675,6.470133779,21.48551197,0.49579589,41.65542647,172.6822434,-107.1735698,-36.08044781,-34.35716442,4.524262028
11/1/2016,0.238616824,2.748149324,14.60323283,1.912787068,29.82702242,0.694930655,43.06227069,121.6166526,-88.80443786,-21.23940912,-15.79767101,16.63919249
12/1/2016,0.365509272,-1.483392589,10.94603015,0.014866221,18.70969189,1.06926338,34.44861156,91.79881156,-76.70907839,-10.13803776,-9.648983815,37.20855862
1/1/2017,0.705085982,-7.535408389,0.493940536,-8.3440301,161.1473598,0.894683316,66.91721206,39.1552665,-39.33508693,-2.709627889,-3.298270353,86.58153689
2/1/2017,0.713487217,-5.078017109,3.262855946,-5.599803512,144.5855283,0.994168987,52.80834305,53.29624623,-46.35634757,-1.238077932,-6.289906593,91.23146249
3/1/2017,0.582272948,-1.586456809,12.67305276,-0.323131271,93.6070474,0.937578501,57.55744003,98.13679112,-60.67527219,-10.65131167,-18.84523142,73.60544434
4/1/2017,0.420721315,5.722977409,23.42098827,6.837859532,118.0311989,0.932445704,48.80190503,169.4511295,-82.52180067,-24.20721625,-43.5154636,49.55531352
5/1/2017,0.270393629,11.21027027,27.96829146,10.68623328,74.90240345,0.661842377,53.76463417,218.3211789,-91.1658861,-35.68125652,-66.00368263,26.62189335
6/1/2017,0.189892601,15.57060198,31.37827471,14.6090301,92.47724401,0.520478582,48.75884707,247.6113544,-105.0606179,-50.32888301,-74.69444235,8.450722493
7/1/2017,0.162761218,17.65999821,28.23384422,14.79470736,139.5784237,0.576152686,59.73695595,224.5734806,-90.06110988,-49.02741609,-75.23073011,0.976326513
8/1/2017,0.158550223,16.67318375,28.06494556,14.09945652,98.95133531,0.491123711,53.41743467,218.8788729,-97.22273886,-48.06554303,-69.81692443,0.556876793
9/1/2017,0.150618253,13.27546576,26.50561977,11.53641304,54.97991048,0.370451171,47.93794255,203.7172281,-105.352463,-43.01279613,-56.48468152,0.961544082
10/1/2017,0.160007914,8.600891002,22.20335567,7.190824972,20.76392633,0.479310224,39.34265494,174.9624843,-108.502102,-35.12294686,-35.71443523,3.913660386
11/1/2017,0.329001381,0.523310458,14.21901591,1.496270903,38.50325503,0.738670093,43.55797806,107.1591216,-81.77182915,-17.28442258,-15.7722502,32.76791573
12/1/2017,0.484537503,-4.846763927,6.079664992,-3.960434783,46.99154273,1.083063823,45.16369933,72.12283668,-64.35366382,-6.783750575,-8.568704463,56.81720903
1/1/2018,0.473056082,-5.687170217,7.084463987,-4.05867893,31.71353854,1.012587241,39.33151977,83.02413434,-70.07143601,-8.661966486,-7.936523183,57.17855323
2/1/2018,0.614942627,-4.734980531,7.137240369,-2.984322742,89.87637789,0.938817086,55.37267621,71.01218827,-53.15826566,-7.774371578,-9.758260482,74.10245027
3/1/2018,0.482975683,0.70150893,17.16447236,3.545112876,86.09400519,0.934201775,48.32898392,125.9336581,-71.76799548,-16.52301851,-30.59214044,55.03170922
4/1/2018,0.363472742,5.9859962,21.48439978,5.829186176,119.2217849,0.711060867,52.34607085,176.9817791,-83.12252379,-28.55523711,-52.06779321,37.27515422
5/1/2018,0.282634157,9.206978173,26.00064908,9.044774247,105.9698904,0.597825256,56.25882462,214.5912303,-90.9396067,-40.08932461,-68.71856536,23.46948294
6/1/2018,0.198372714,15.13754464,31.21384422,14.58743311,87.17749671,0.532711512,49.05988476,248.3676295,-105.1988899,-49.29867205,-76.60399098,10.05500244
7/1/2018,0.167489124,17.45158152,28.93534757,15.17791806,138.6420985,0.541235431,56.00231725,227.0102224,-93.7914,-49.58722822,-73.04520773,2.044383942
8/1/2018,0.157548372,17.52964965,28.48671692,14.56377508,91.5201511,0.604554438,48.54289816,222.5199263,-100.9205826,-49.5238943,-66.41177214,0.424047923
9/1/2018,0.158503774,13.40950745,25.74005863,10.54256689,75.8960472,0.360525426,46.07678392,200.592763,-105.7487576,-43.85443839,-52.29785487,2.234501782
10/1/2018,0.24463005,4.776607118,17.80213847,4.14974359,51.15360821,0.568331725,50.14856918,151.9364946,-93.07802345,-31.69287207,-32.49744264,17.28022503
11/1/2018,0.393468214,-0.760864069,11.27744137,0.010121237,55.76389439,0.976399488,47.26793869,92.73196399,-70.55141876,-13.29512618,-15.31354799,40.69517048
12/1/2018,0.454109886,-6.196247734,6.833534338,-3.934916388,23.50960476,1.114478273,35.56829028,79.0273407,-71.22003769,-8.479502552,-7.622290471,52.67125749
1/1/2019,0.705208861,-8.713911331,-1.996775544,-9.336036789,131.2283261,1.046019346,61.13218308,40.3938474,-40.49701725,-1.881861791,-3.536854177,87.25684015
2/1/2019,0.789618874,-7.314081431,-0.596474037,-8.615911371,174.2003705,0.941717425,64.41686499,36.98065025,-38.44256516,-0.398064232,-2.45947194,97.54191134
3/1/2019,0.736725437,-3.669620068,10.212433,-0.681279264,99.05857052,0.972581526,56.58538459,63.96096767,-50.04063065,-2.45375293,-6.137438258,94.00320773
4/1/2019,0.466076261,5.394968878,19.36254606,5.558405797,128.1787129,0.713759041,57.77675142,139.8295293,-62.74916064,-14.52389291,-33.39343483,60.97494278
5/1/2019,0.308954467,8.872188624,25.61272613,9.368277592,87.97370586,0.592243298,54.3104129,208.8866908,-88.23485042,-29.84954935,-68.56751828,31.5682077
6/1/2019,0.231967685,12.86251313,29.17170436,12.74917224,87.17313695,0.553684879,54.86722998,240.1475178,-99.25859698,-42.70362284,-80.37654764,15.7577029
7/1/2019,0.177194678,17.65092368,29.81201424,15.93275084,117.8886371,0.562959629,53.46297873,230.868864,-94.12084338,-47.43075039,-73.57122378,4.952147407
8/1/2019,0.159439229,16.96695667,28.07553183,14.63374582,115.0366683,0.478481293,54.53503065,213.4591621,-93.49870771,-44.80668035,-69.27323479,0.880780956
9/1/2019,0.147656863,15.18601811,26.11686348,12.2186413,40.95095523,0.411339913,41.07837571,206.177827,-106.0609357,-42.89341744,-55.91017429,0.450642159
10/1/2019,0.196216708,6.566840859,19.36805695,6.219855072,54.39920487,0.438469498,55.4745995,152.3699219,-88.95848291,-29.51293293,-39.69209198,9.809405815
11/1/2019,0.473736954,-1.383026518,8.63928392,-0.824703177,120.9870224,0.81784346,56.35612814,74.67069146,-57.03022781,-9.801307372,-16.08671669,52.58731493
12/1/2019,0.515219114,-6.699221429,4.312324121,-4.680568562,37.66467765,1.161185768,38.07720436,69.17971558,-63.36172144,-4.396168766,-7.977484129,62.37623048
1/1/2020,0.780148734,-9.728720783,-3.458467337,-10.22285535,126.1865065,1.074573732,61.40127069,29.92448392,-35.25498107,0.976981419,-1.626697909,96.8569413
2/1/2020,0.71643855,-6.0172084,6.140268007,-3.285267559,64.73212953,1.134772796,45.48265327,56.09652094,-51.39643568,0.168295544,-4.613375704,93.68772233
3/1/2020,0.626546933,-1.630667713,10.78342965,-0.760614548,153.4476102,0.708259765,60.81372462,79.37832362,-51.33697203,-8.439852473,-13.92947161,78.42431029
4/1/2020,0.464989415,3.883714831,18.96138191,5.379076087,91.51656616,0.748721996,55.38790972,146.7003072,-69.98809782,-18.88328655,-37.46736794,57.21691182
5/1/2020,0.30173928,9.465020754,26.61562814,10.04197324,95.04930385,0.598273866,55.70648744,207.4011665,-84.17603568,-30.77952378,-68.10065322,31.23974562
6/1/2020,0.202275995,14.44803964,29.48206868,13.91124582,78.09756869,0.444347766,51.91405193,248.0403712,-100.5413307,-46.50446355,-80.95934616,11.38898452
7/1/2020,0.165716059,16.60184194,30.07108459,15.08153846,102.238938,0.44746849,56.02496348,238.0427601,-95.97830637,-46.39914051,-85.69157535,1.570660398
8/1/2020,0.158129908,17.54694568,28.39556533,15.18354933,140.7076179,0.510686042,57.29291926,205.2287831,-87.74064506,-42.64606998,-69.19286395,0.531310939
9/1/2020,0.15483034,13.06417891,26.61796482,11.72623746,60.15329439,0.352838819,45.16771859,201.7285204,-103.8806856,-38.63169618,-60.73672922,1.597290652
10/1/2020,0.17020443,7.353699937,20.88092127,5.865777592,15.6437261,0.480512178,35.64473049,175.6674767,-110.2177492,-34.4092926,-35.73324788,5.565789397
11/1/2020,0.441938373,-1.218490749,9.750083752,-1.094715719,85.55618459,0.769719902,45.31877186,89.32326281,-69.92553987,-12.36715062,-12.60925658,47.68201682
12/1/2020,0.599725766,-7.199405122,3.725527638,-5.148352843,63.83570905,1.142802839,50.28480251,55.11591357,-53.23618894,-3.400940348,-6.654621566,73.27784823
1/1/2021,0.569105254,-7.537185076,4.372370184,-5.101964883,46.39302972,1.24977286,31.84141658,70.75085042,-64.80595628,-3.767361777,-6.683397087,70.05037774
2/1/2021,0.512807731,-2.170294138,11.51827052,-0.929427258,68.36332382,0.929687857,43.80911508,95.38355209,-68.67701223,-10.13598708,-13.31720381,63.0653656
3/1/2021,0.516634197,0.662652946,14.2188526,0.975050167,145.0812447,0.83191193,57.97077169,109.9469709,-62.93747002,-16.27641632,-24.68163827,58.88933196
4/1/2021,0.433905276,3.744283071,20.74724735,4.414548495,108.3885819,0.774200594,48.98895678,159.4323678,-80.67665846,-24.8597017,-42.63612919,47.75853558
5/1/2021,0.296094123,9.459292802,25.58446399,9.193561873,79.60272931,0.561554267,56.51392245,213.6818655,-89.92497806,-35.42797095,-63.53156405,31.74489657
6/1/2021,0.197364273,15.18699478,31.69844221,14.15180184,53.28823074,0.579780176,45.11672412,259.2234286,-112.1507189,-52.27033042,-74.44643629,1.100043101
7/1/2021,0.163505223,17.52867756,29.11908291,15.17557274,168.5014569,0.469439547,59.59633434,223.1772928,-89.98079095,-47.01936933,-75.97412583,0.498643419
8/1/2021,0.158204545,16.12033145,28.61581658,14.25909281,80.20673152,0.446166363,51.62640603,223.3830536,-100.0723335,-49.31845173,-70.23111149,0.671504115
9/1/2021,0.149056389,14.91918049,26.00871859,13.12388378,62.41022951,0.33871612,47.50435578,197.5528121,-99.0524871,-40.6915937,-56.08851083,13.0988649
10/1/2021,0.219549657,6.913005253,20.17326075,5.854738016,52.41324869,0.594486977,42.01457923,157.8874647,-98.92198777,-30.97315038,-35.23110254,25.28654068
11/1/2021,0.282587972,-0.167294087,13.63707705,1.321245819,11.52722096,0.827746789,36.85543551,119.8617032,-89.75758392,-19.53314291,-15.64594672,39.34802331
12/1/2021,0.367612086,-4.697170514,5.592981575,-4.512182274,28.65988159,0.8424016,42.0705928,88.89698459,-76.70430352,-13.07548509,-7.202180842,40.49303945
